scenario,side,trial,size,checksum,ops,elapsed_ns,msgs_per_sec,mib_per_sec,alloc_bytes_per_op,gc_count,gc_time_ms,sink,peak_rss_bytes,heap_after_cycle_bytes,p50_us,p95_us,p99_us,max_us,mean_us,populated_msgs
offer,main,1,64,True,50000,3719083042,13444.174124466888,0.8205672683390435,297.51952,0,0,0,92078080,,,,,,,
offer,main,1,1024,True,50000,4017336666,12446.056717916108,12.15435226358995,3177.51952,1,10,0,167804928,,,,,,,
offer,main,1,8192,True,10000,837004041,11947.373620864037,93.33885641300029,24681.7176,1,1,0,279183360,,,,,,,
offer,main,1,65536,True,2000,280542416,7129.046753486289,445.5654220928931,196714.132,1,1,0,378224640,,,,,,,
poll,main,1,64,True,1500,6996561084,214.39103896773753,0.013085390561995699,712.768,0,0,400,101957632,1341024,,,,,,
poll,main,1,1024,True,1500,6883683125,217.90660214331118,0.21279941615557732,5512.768,0,0,400,116834304,1341992,,,,,,
poll,main,1,8192,True,1500,7575483917,198.00715260366118,1.546930879716103,41352.768,1,1,400,164954112,1348584,,,,,,
poll,main,1,65536,True,800,3385521625,236.3003662692599,14.768772891828744,328072.99,1,1,0,398147584,1405568,,,,,,
offer,main,1,1024,False,50000,3645314875,13716.236241457742,13.394761954548576,3177.51952,1,1,0,168361984,,,,,,,
poll,main,1,1024,False,1500,6559579792,228.67318449718158,0.2233136567355289,5512.768,0,0,400,117112832,1341560,,,,,,
latency,main,1,1024,True,400,,,,8785.98,0,0,440,66420736,,8403.167,10149.792,18061.75,22383.291,8710.1485675,
openclose,main,1,1024,True,100,,,,,,,0,620085248,,9678.083,12694.958,17816.833,,9867.78131,5000
offer,branch,1,64,True,50000,4827782500,10356.721745439028,0.6321241299706438,298.27248,0,0,0,92749824,,,,,,,
offer,branch,1,1024,True,50000,3739233500,13371.724445665135,13.058324653969859,3178.26976,1,2,0,178978816,,,,,,,
offer,branch,1,8192,True,10000,817242417,12236.271382864357,95.59587017862779,24682.436,1,1,0,291602432,,,,,,,
offer,branch,1,65536,True,2000,295911458,6758.778499209044,422.42365620056523,196714.888,1,1,0,378306560,,,,,,,
poll,branch,1,64,True,1500,7548540917,198.71389934733793,0.012128533895711543,816.8426666666667,0,0,400,102907904,1362544,,,,,,
poll,branch,1,1024,True,1500,6493434333,231.0025670663851,0.2255884444007667,5632.858666666667,0,0,400,117358592,1363512,,,,,,
poll,branch,1,8192,True,1500,7661396958,195.7867485816286,1.5295839732939733,41472.85866666667,1,1,400,156352512,1369336,,,,,,
poll,branch,1,65536,True,800,3742801500,213.7436356162623,13.358977226016394,328192.99,1,1,0,398622720,1426184,,,,,,
offer,branch,1,1024,False,50000,3738086667,13375.826847836966,13.062330906090788,3178.26976,1,1,0,181452800,,,,,,,
poll,branch,1,1024,False,1500,6711036709,223.51241172446402,0.2182738395746719,5632.858666666667,0,0,400,117342208,1363080,,,,,,
latency,branch,1,1024,True,400,,,,8954.7,0,0,440,66797568,,8657.916,12844.792,17035.958,27945.333,9268.424565,
openclose,branch,1,1024,True,100,,,,,,,0,619413504,,9446.375,12437.958,15472.083,,9700.30919,5000
offer,branch,2,64,True,50000,3733240625,13393.189730436945,0.8174554278831143,298.27248,0,0,0,92946432,,,,,,,
offer,branch,2,1024,True,50000,3912723708,12778.822051188901,12.479318409364161,3178.26976,1,1,0,178683904,,,,,,,
offer,branch,2,8192,True,10000,808486458,12368.790968667035,96.63117944271121,24682.436,1,1,0,289538048,,,,,,,
offer,branch,2,65536,True,2000,268522208,7448.173523137423,465.51084519608895,196714.888,1,0,0,378617856,,,,,,,
poll,branch,2,64,True,1500,7771812125,193.00518024295397,0.011780101333188108,816.8426666666667,0,0,400,102727680,1362544,,,,,,
poll,branch,2,1024,True,1500,7046689667,212.86590880035132,0.2078768640628431,5632.858666666667,0,0,400,117735424,1363512,,,,,,
poll,branch,2,8192,True,1500,7374559625,203.40197601968674,1.5890779376538027,41472.85866666667,1,1,400,156368896,1369336,,,,,,
poll,branch,2,65536,True,800,3512677958,227.74646852496917,14.234154282810573,328192.99,1,1,0,398704640,1426184,,,,,,
offer,branch,2,1024,False,50000,3961911458,12620.170978086508,12.324385720787605,3178.26976,1,2,0,179945472,,,,,,,
poll,branch,2,1024,False,1500,7454393292,201.22361958146064,0.19650744099752016,5632.858666666667,0,0,400,117112832,1363080,,,,,,
latency,branch,2,1024,True,400,,,,8953.98,0,0,440,66568192,,8338.5,13484.583,22081.167,24165.334,9136.098970000001,
openclose,branch,2,1024,True,100,,,,,,,0,631881728,,9382.209,13362.292,17935.417,,9910.130019999999,5000
offer,main,2,64,True,50000,4583327125,10909.10568597043,0.6658389700909686,297.51952,0,0,0,92110848,,,,,,,
offer,main,2,1024,True,50000,3949739959,12659.061234162631,12.362364486486944,3177.51952,1,1,0,168034304,,,,,,,
offer,main,2,8192,True,10000,810236833,12342.070358581193,96.42242467641557,24681.7176,1,1,0,278773760,,,,,,,
offer,main,2,65536,True,2000,285766333,6998.725073747578,437.4203171092236,196714.132,1,1,0,378093568,,,,,,,
poll,main,2,64,True,1500,7493254625,200.1800385903742,0.01221801993349452,712.768,0,0,400,102531072,1341024,,,,,,
poll,main,2,1024,True,1500,7223594750,207.6528448664704,0.2027859813149125,5512.768,0,0,400,116555776,1341992,,,,,,
poll,main,2,8192,True,1500,7198178083,208.3860641823468,1.6280161264245843,41352.768,1,1,400,164331520,1348584,,,,,,
poll,main,2,65536,True,800,3845947083,208.0111823525056,13.0006988970316,328072.99,1,2,0,398360576,1405568,,,,,,
offer,main,2,1024,False,50000,3760185083,13297.217795489032,12.985564253407258,3177.51952,1,1,0,167051264,,,,,,,
poll,main,2,1024,False,1500,7163141750,209.40532134520444,0.2044973841261762,5512.768,0,0,400,117096448,1341560,,,,,,
latency,main,2,1024,True,400,,,,8785.98,0,0,440,66338816,,8692.042,10375.917,11827.334,21839.833,8835.05769,
openclose,main,2,1024,True,100,,,,,,,0,624246784,,8634.791,11371.583,11968.708,,8991.40748,5000
offer,main,3,64,True,50000,4239211416,11794.646478655359,0.7198880907382421,297.51952,0,0,0,91963392,,,,,,,
offer,main,3,1024,True,50000,4149411333,12049.902019198056,11.767482440623102,3177.51952,1,1,0,167542784,,,,,,,
offer,main,3,8192,True,10000,848592250,11784.222634604546,92.06423933284802,24681.7176,1,1,0,278773760,,,,,,,
offer,main,3,65536,True,2000,278540334,7180.288654353376,448.768040897086,196714.132,1,1,0,378273792,,,,,,,
poll,main,3,64,True,1500,7517277000,199.5403388753667,0.012178975761435956,712.768,0,0,400,102481920,1341024,,,,,,
poll,main,3,1024,True,1500,6811200084,220.22550820722594,0.21506397285861908,5512.768,0,0,400,116424704,1341992,,,,,,
poll,main,3,8192,True,1500,7904577250,189.7634690077828,1.482527101623303,41352.768,1,1,400,165691392,1348584,,,,,,
poll,main,3,65536,True,800,3699553916,216.24228708767384,13.515142942979615,328072.99,1,4,0,397918208,1405568,,,,,,
offer,main,3,1024,False,50000,3708398916,13482.907619316109,13.166901971988388,3177.51952,1,1,0,167280640,,,,,,,
poll,main,3,1024,False,1500,7390801958,202.9549713987885,0.1981982142566294,5512.768,0,0,400,116375552,1341560,,,,,,
latency,main,3,1024,True,400,,,,8785.98,0,0,440,66584576,,8497.208,10240.416,10600.541,12375.125,8619.909305,
openclose,main,3,1024,True,100,,,,,,,0,620904448,,8594.625,11391.667,13885.792,,7815.41962,5000
offer,branch,3,64,True,50000,4588431625,10896.96961540753,0.665098243127901,298.26976,0,0,0,93192192,,,,,,,
offer,branch,3,1024,True,50000,3972017167,12588.062412067617,12.293029699284782,3178.26976,1,1,0,179421184,,,,,,,
offer,branch,3,8192,True,10000,831891916,12020.792374186263,93.91244042333018,24682.4224,1,1,0,289783808,,,,,,,
offer,branch,3,65536,True,2000,284486500,7030.21057238217,439.3881607738856,196714.888,1,1,0,378339328,,,,,,,
poll,branch,3,64,True,1500,7480229416,200.5286090278919,0.012239294984612542,816.8426666666667,0,0,400,102514688,1362544,,,,,,
poll,branch,3,1024,True,1500,6808467000,220.3139120744802,0.21515030476023458,5632.858666666667,0,0,400,117227520,1363512,,,,,,
poll,branch,3,8192,True,1500,7677230417,195.3829595472984,1.5264293714632688,41472.85866666667,1,10,400,156155904,1369336,,,,,,
poll,branch,3,65536,True,800,3617643083,221.13845441507308,13.821153400942068,328192.99,1,2,0,398557184,1426184,,,,,,
offer,branch,3,1024,False,50000,3751664792,13327.416699546115,13.015055370650503,3178.26976,1,2,0,180404224,,,,,,,
poll,branch,3,1024,False,1500,7555413417,198.53314666076864,0.19388002603590687,5632.858666666667,0,0,400,117178368,1363080,,,,,,
latency,branch,3,1024,True,400,,,,8953.98,0,0,440,66551808,,8426.375,9842.084,11719.167,16702.458,8573.51821,
openclose,branch,3,1024,True,100,,,,,,,0,648626176,,6410.375,10846.375,11850.75,,7420.27625,5000
offer,branch,4,64,True,50000,4400786708,11361.604939659348,0.6934573327428801,298.26976,0,0,0,92946432,,,,,,,
offer,branch,4,1024,True,50000,3970737625,12592.118825781143,12.296991040801897,3178.26976,1,1,0,181190656,,,,,,,
offer,branch,4,8192,True,10000,837892958,11934.698704079572,93.23983362562166,24682.436,1,1,0,290619392,,,,,,,
offer,branch,4,65536,True,2000,296989542,6734.243861017841,420.89024131361504,196714.888,1,1,0,378372096,,,,,,,
poll,branch,4,64,True,1500,6450727459,232.53191357622973,0.014192621678236678,816.8426666666667,0,0,400,102891520,1362544,,,,,,
poll,branch,4,1024,True,1500,6498026042,230.83933340752222,0.22542903653078342,5632.858666666667,0,0,400,117473280,1363512,,,,,,
poll,branch,4,8192,True,1500,7453021917,201.26064523955966,1.5723487909340599,41472.85866666667,1,1,400,156073984,1369336,,,,,,
poll,branch,4,65536,True,800,3690777375,216.7565037704286,13.547281485651787,328192.99,1,3,0,398245888,1426184,,,,,,
offer,branch,4,1024,False,50000,3871007459,12916.534139904896,12.613802871000875,3178.26976,1,1,0,179421184,,,,,,,
poll,branch,4,1024,False,1500,7359922333,203.80649851077715,0.1990297837019308,5632.858666666667,0,0,400,117260288,1363080,,,,,,
latency,branch,4,1024,True,400,,,,8953.98,0,0,440,66650112,,8576.792,10670.958,14498.417,26410.958,8883.588035,
openclose,branch,4,1024,True,100,,,,,,,0,636944384,,9364.5,12107.458,13214.584,,9488.85045,5000
offer,main,4,64,True,50000,3465804250,14426.665903015151,0.8805338075570771,297.51952,0,0,0,92487680,,,,,,,
offer,main,4,1024,True,50000,4897164708,10209.989449266446,9.970692821549264,3177.51952,1,0,0,168329216,,,,,,,
offer,main,4,8192,True,10000,891990459,11210.88224554653,87.58501754333227,24681.7176,1,1,0,277430272,,,,,,,
offer,main,4,65536,True,2000,302970375,6601.3054906771,412.5815931673188,196714.132,1,1,0,378191872,,,,,,,
poll,main,4,64,True,1500,6730290584,222.87299207644435,0.013603087895290793,712.768,0,0,400,102187008,1341024,,,,,,
poll,main,4,1024,True,1500,6899813500,217.39718037306372,0.21230193395807004,5512.768,0,0,400,116867072,1341992,,,,,,
poll,main,4,8192,True,1500,7415410083,202.28146295493283,1.5803239293354128,41352.768,1,0,400,165314560,1348584,,,,,,
poll,main,4,65536,True,800,3926511334,203.7432040683879,12.733950254274244,328072.99,1,4,0,397787136,1405568,,,,,,
offer,main,4,1024,False,50000,3687784291,13558.276746832642,13.240504635578752,3177.51952,1,1,0,167870464,,,,,,,
poll,main,4,1024,False,1500,7218635708,207.79549774725936,0.20292529076880797,5512.768,0,0,400,116555776,1341560,,,,,,
latency,main,4,1024,True,400,,,,8785.98,0,0,440,66584576,,8730.75,10501.541,11791.0,26743.792,8981.516679999999,
openclose,main,4,1024,True,100,,,,,,,0,621051904,,8323.042,10462.209,15246.458,,7624.9687300000005,5000
offer,main,5,64,True,50000,3427266167,14588.887341588255,0.8904350184074863,297.51952,0,0,0,92192768,,,,,,,
offer,main,5,1024,True,50000,4671545583,10703.095819497647,10.45224201122817,3177.51952,1,1,0,167870464,,,,,,,
offer,main,5,8192,True,10000,871299125,11477.114705010177,89.66495863289201,24681.7176,1,1,0,278872064,,,,,,,
offer,main,5,65536,True,2000,276419708,7235.37411449693,452.2108821560581,196714.132,1,1,0,378421248,,,,,,,
poll,main,5,64,True,1500,6329604833,236.98161884919048,0.014464210134838286,712.768,0,0,400,102236160,1341024,,,,,,
poll,main,5,1024,True,1500,7385098750,203.11170517523547,0.1983512745851909,5512.768,0,0,400,116883456,1341992,,,,,,
poll,main,5,8192,True,1500,6545489333,229.1654487064153,1.7903550680188696,41352.768,1,3,400,163921920,1348584,,,,,,
poll,main,5,65536,True,800,4774399000,167.56035681140182,10.472522300712614,328072.99,1,1,0,396754944,1405568,,,,,,
offer,main,5,1024,False,50000,3966331583,12606.106916099456,12.310651285253375,3177.51952,1,1,0,168067072,,,,,,,
poll,main,5,1024,False,1500,7309338458,205.21693018035916,0.200407158379257,5512.768,0,0,400,116621312,1341560,,,,,,
latency,main,5,1024,True,400,,,,8785.98,0,0,440,66813952,,8754.875,11181.167,18663.25,31651.958,9304.376695,
openclose,main,5,1024,True,100,,,,,,,0,628375552,,9139.25,11704.083,20844.75,,9526.90207,5000
offer,branch,5,64,True,50000,3533776959,14149.166905584547,0.8635966128896818,298.26976,0,0,0,94240768,,,,,,,
offer,branch,5,1024,True,50000,4768045375,10486.477385924625,10.240700572192017,3178.26976,1,1,0,179617792,,,,,,,
offer,branch,5,8192,True,10000,864393375,11568.806852551363,90.38130353555752,24682.436,1,1,0,290160640,,,,,,,
offer,branch,5,65536,True,2000,294764417,6785.079489428333,424.0674680892708,196714.888,1,1,0,378585088,,,,,,,
poll,branch,5,64,True,1500,6402192750,234.29472659972632,0.014300215246565327,816.8426666666667,0,0,400,102809600,1362544,,,,,,
poll,branch,5,1024,True,1500,7493172708,200.18222700226062,0.19549045605689513,5632.858666666667,0,0,400,116867072,1363512,,,,,,
poll,branch,5,8192,True,1500,6768218458,221.624052076364,1.7314379068465937,41472.85866666667,1,1,400,154157056,1369336,,,,,,
poll,branch,5,65536,True,800,4803512834,166.54478246367478,10.409048903979674,328192.99,1,1,0,399687680,1426184,,,,,,
offer,branch,5,1024,False,50000,4013190000,12458.916722108846,12.16691086143442,3178.26976,1,1,0,179552256,,,,,,,
poll,branch,5,1024,False,1500,7855651583,190.94533205190396,0.18647005083193746,5632.858666666667,0,0,400,116736000,1363080,,,,,,
latency,branch,5,1024,True,400,,,,8954.7,0,0,440,66666496,,9415.083,12470.083,17532.0,27803.125,9733.8479225,
openclose,branch,5,1024,True,100,,,,,,,0,616972288,,9355.708,13790.833,17520.5,,9713.01207,5000
